,A,B,C,D
2000-01-01,0.4170271027330865,-0.37593430884686213,-2.1333423410258736,0.12283764654228373
2000-01-02,-2.3047403709462313,-0.04086941683370732,-1.929678016672571,0.3102028403309901
2000-01-03,-1.6710333718938966,0.8386512017354382,-3.172720128173946,0.11499416407909438
2000-01-04,-1.9733102938922915,0.24819021945282094,-2.1035642194145305,-0.16727557140635788
2000-01-05,0.4785236040762899,-0.2800820339789296,-3.317352222317401,0.0826899727456823
2000-01-06,-0.2872281014172108,-0.7858038631477022,-4.339018244078877,0.8411764304400839
2000-01-07,0.5908687539443792,-0.828844426985102,-3.9265817957290396,1.3235583747402315
2000-01-08,0.06739923042129603,-1.0860339099582497,-4.6339118628087,2.2979191269562103
2000-01-09,0.21457837128949794,0.16652317052905108,-5.571258238747982,2.5280307897118743
2000-01-10,0.8605818687324349,1.1416645953693862,-3.932091835517398,2.8857259301330878
2000-01-11,1.388118236504717,0.8479435692768857,-1.9966663173642807,2.281931282301838
2000-01-12,-0.2294913261728211,0.11244326987173248,-0.5049860068715517,1.2789888107623895
2000-01-13,0.44696728215389747,-0.8150034587246934,-0.028292941262585247,0.9249601400443077
2000-01-14,0.7856688832974618,-0.8549247460184202,-1.1044640857375128,1.4813649843886003
2000-01-15,1.0450388250183624,-2.902383448725871,-0.5015797616136233,0.8150230416934886
2000-01-16,-0.431015558167972,-3.046992471601248,-0.9741715197271135,0.7691192728124996
2000-01-17,-1.0207778058004746,-2.0097947421412057,-1.192109010140907,0.5237616082820894
2000-01-18,0.5922715712872488,0.16169918682360906,-2.172782895916079,0.08165726137475954
2000-01-19,0.47255567899775563,-1.6170486204204508,-3.912927035133041,1.4296915471591567
2000-01-20,1.5293921457409752,-0.9951181055447776,-2.466560005327561,-0.046657161265462266
2000-01-21,2.5703906896544524,-0.701548582761427,0.605939483416337,0.09010949852756356
2000-01-22,2.283695770300625,-1.186940592812676,2.8882472805364636,-0.24945700858240588
2000-01-23,3.6215850648053136,-0.2616086885844987,1.480141309626406,-1.0242361892542355
2000-01-24,4.791086901228075,1.2893449057637807,1.1773946033518001,-0.03381655139910433
2000-01-25,5.594652550473828,2.051756988626489,1.2486274200005862,-0.10723199461883628
2000-01-26,4.859810202600853,1.4511628798524225,2.004808013713172,-0.9235845697413676
2000-01-27,5.014336351015988,1.805625429959543,1.7932991674239998,-0.29138586265175503
2000-01-28,4.666755885651482,2.6607591463982665,3.009595572462209,0.32184346950251186
2000-01-29,4.308433556922646,1.1525272461199234,2.398148842612547,2.0504775242015807
2000-01-30,4.307961776156873,-0.8389573769706129,3.5388850018195788,2.2677040559947264
2000-01-31,3.790747441576837,0.019747237480095436,3.240657608461672,3.5847139129743266
2000-02-01,4.748243899762404,-0.7101192313634945,2.703533435744215,3.7505149372495166
2000-02-02,3.807554392814337,0.16349552244721866,2.80104490574464,2.9121985632895004
2000-02-03,2.8090457945948724,-0.8703158002883219,2.378257067371648,3.479419984079121
2000-02-04,2.800413179204659,-0.5181217245635195,2.99342756573063,3.7673658396757217
2000-02-05,3.648798135437679,-0.7333211963736846,3.1720539602508535,4.716185333249296
2000-02-06,3.54973321609917,1.8026278670824656,3.2137139901884213,5.858692373753993
2000-02-07,4.13611450308397,1.8287022093179899,3.2892209673704134,5.770627493532773
2000-02-08,3.63954302955021,1.9656520468168193,4.233752984305729,5.791383375298609
2000-02-09,3.855426997758189,2.3738283917532756,2.2859082520859006,5.3534034582126155
2000-02-10,5.1518833398555,1.9818965665689203,3.2028493964379,5.924518791659961
2000-02-11,6.308003749898501,1.9069890985638125,4.531665308166007,5.506387252764924
2000-02-12,5.441876995465954,1.9745281989650532,4.44856685763767,6.091645584656665
2000-02-13,5.403273564516314,3.404969397495172,2.1077359801974977,7.841045963940813
2000-02-14,3.4617525154434743,3.363251216293331,2.0248191974196423,7.100711082818308
2000-02-15,3.503435728093386,1.5614809613370642,2.571806840366796,8.473951176637721
2000-02-16,4.004130678443583,1.8734137769847072,1.9789232387565014,10.322343589635807
2000-02-17,5.383280231848276,2.3625275849023146,2.622523348639409,11.372931538473068
2000-02-18,5.021684911488174,2.233569013681522,3.038698915785802,11.55058266676837
2000-02-19,4.373736543006596,1.8520878497361544,4.236641543305032,13.474710690518133
2000-02-20,5.069797710491659,1.5008572295277267,5.048845981119604,13.513036587902768
2000-02-21,3.9335425459303783,1.418310057963093,6.518846802651904,13.025248749567211
2000-02-22,3.997093886856655,1.4897221731090229,6.9863946642775465,14.209936899170375
2000-02-23,2.8329974315765294,1.0680931968450889,7.308435966570442,16.648306437529897
2000-02-24,2.4667154395312343,1.1436496508898013,6.391597305245987,15.711967537570334
2000-02-25,1.8190904944386024,0.8388136590828992,5.042858994024941,14.522141803257885
2000-02-26,0.08455684841131816,-0.6082289611994367,4.371211892472682,12.672609559685712
2000-02-27,0.3715284530336668,-0.3026133096621052,1.8217030860678602,11.81251059575453
2000-02-28,0.043236588899318584,1.4795850720586143,0.8768236667149254,11.536802050861452
2000-02-29,-0.2510639240462953,2.235305954715952,2.067041966923094,13.051297934548284
2000-03-01,-0.9587710769748048,3.7455964977247493,2.236200194083257,14.070051929229923
2000-03-02,-0.3368017499203345,4.830244877614774,4.097170633682466,14.544495412441089
2000-03-03,0.07533051331352414,4.9253772539430285,4.465612502481813,13.926648888164284
2000-03-04,-1.2504552684171069,4.679163081856228,5.108555873232006,14.850737329450812
2000-03-05,0.990235480942601,5.030584674095911,4.602668188995824,13.487484036727857
2000-03-06,2.2982239826637563,6.698754125502371,6.034297814423587,13.479644180316729
2000-03-07,2.823828706467913,4.5928226945559505,5.1813282428275995,12.880065416573837
2000-03-08,2.086472498834066,4.813166548852597,4.356201199960594,12.718541896095253
2000-03-09,2.508130193830817,4.401313681448247,4.527798832077735,10.871059726028399
2000-03-10,2.450899735719939,3.703076219118228,4.8651189442296845,10.75470098239141
2000-03-11,0.5488145431830707,3.6395800262298965,5.405879929870904,11.50302885069549
2000-03-12,-0.02142557677176815,4.475531749138225,5.598495189273915,13.176789922266261
2000-03-13,-0.9214727447472947,4.9861370584092075,5.108521584648874,12.965930603678093
2000-03-14,-1.7199299557988152,4.738622293383629,3.559385349414831,11.803629189723964
2000-03-15,-1.4641411023380833,3.6554253107748047,4.137992919131591,11.74014159906804
2000-03-16,-0.8007467500110713,4.4545757736698635,4.605366172969351,10.463832724979442
2000-03-17,-0.16285207898496634,4.2463402467606235,4.348551942426387,11.164548316395337
2000-03-18,0.5545381815950067,3.5370323663538423,4.611447718942346,10.320563906338922
2000-03-19,1.9494691784496236,3.416283626141113,3.551582288636471,10.822886083814147
2000-03-20,1.9504261590017142,3.2994662903926737,5.310974030423921,11.933624892566925
2000-03-21,0.7614534520274574,2.442211508919158,5.480891196916756,12.339889862566217
2000-03-22,-2.046138196258367,2.6191704927334944,6.809772829844233,13.233486236189712
2000-03-23,-4.2290474242716325,0.984831295146755,8.248015245014013,14.835077463205042
2000-03-24,-4.491746260959912,-1.4352779138701266,7.087361203313975,16.703927783483035
2000-03-25,-1.323113937828662,-1.556232442596286,8.426535024955825,17.97025039109316
2000-03-26,-2.1703073522767573,-1.1149837600190788,7.2480326455526995,18.114766578965693
2000-03-27,-3.0070228991918166,-1.4859450815843205,6.484496896123173,17.238155484105896
2000-03-28,-3.916091361230357,-2.9129038594389387,5.664656060031374,16.948716776632587
2000-03-29,-3.655678155184045,-3.1610133855397513,5.660733404073818,17.459407485738897
2000-03-30,-4.34514228362097,-2.7912032744881277,6.728845913294469,17.680428839139882
2000-03-31,-3.633594606504999,-2.8618618566315464,7.02551320263533,17.014519721798226
2000-04-01,-2.6996816168607167,-1.451678260108368,7.392953505375821,15.70130462746632
2000-04-02,-2.4727077181128534,-2.308244267709047,5.663057739064136,14.984833569294189
2000-04-03,-2.844337288599104,-1.952961405071031,5.500254717520059,13.593446910985609
2000-04-04,-2.500477366567083,-1.0777126936253991,5.150829343074315,12.604626613112043
2000-04-05,-1.8884024715828378,-2.9353912387706513,5.425604627353909,11.039492555306587
2000-04-06,-1.5832467056507218,-3.496043168326648,5.343568450598187,10.310275396266182
2000-04-07,-1.857610440956929,-3.8685859758682914,7.130419144400051,11.971268656507785
2000-04-08,-2.0324836592656093,-3.460165749970057,7.682414622953217,10.886946146340719
2000-04-09,-1.8244244716774778,-2.6580847159214036,9.575753599981706,11.015907843599647
2000-04-10,-2.4570310554942933,-2.8996902081284945,8.662899670708473,10.451191025670573
2000-04-11,-2.1566168062376003,-4.12998553791294,8.437737180047888,8.325718036641279
2000-04-12,-2.8187210995412544,-5.5977202268399155,8.10078408914959,9.56296420763896
2000-04-13,-2.631893989868755,-4.859754163575991,7.8751015962196975,10.28178870702679
2000-04-14,-2.942415367814504,-3.5692777133634777,7.545878093194852,10.611967450155571
2000-04-15,-2.8256013337286885,-3.9382536892240863,8.824744584803948,11.581924351189326
2000-04-16,-2.4438408748575338,-3.6453085525862243,8.588963978095826,10.512581755538148
2000-04-17,-0.5158884641129753,-2.8965058393122765,8.624992127825422,9.62531460162735
2000-04-18,0.16489165907144265,-4.6518520319351175,8.672503866930725,9.77616462853537
2000-04-19,0.29600057306021443,-4.8222491191074885,9.36623341166396,10.863341512529514
2000-04-20,0.7021859873891002,-4.9485084852648935,9.223291084724416,10.445391079527218
2000-04-21,1.200731702907418,-4.486461818063704,8.858436525913344,11.756539890579608
2000-04-22,1.11849470737775,-4.762300361183341,8.799453183364982,9.328353126003325
2000-04-23,-0.7956320900022005,-5.112451052626252,8.99457084637092,7.933103329345688
2000-04-24,-1.2217844745118442,-4.91275314858849,8.471944184266844,6.490364847320557
2000-04-25,1.4283677209556747,-2.9290710927011343,8.972582528825486,6.950721339556883
2000-04-26,2.5231360540869656,-3.56944275628926,8.525425269414107,7.554441227592744
2000-04-27,1.8624185046188506,-2.442388676939016,8.069978233824168,7.335065668233037
2000-04-28,1.9237896690532124,-2.0772634712517615,9.61482237251707,7.320319504773436
2000-04-29,2.6491398133747657,-2.1123335040020605,8.428904666432526,6.282264643135028
2000-04-30,2.328468011041172,-3.2172319249677024,9.199837688532888,8.034524001922673
2000-05-01,1.8394808672656144,-3.6153285546721414,9.121426337528273,6.68990828909786
2000-05-02,2.790913049508324,-4.314222399400356,9.44415585771702,6.735503253937352
2000-05-03,1.2149591211163224,-3.3614688505881074,8.532117012673734,7.269369429533593
2000-05-04,1.620507749648027,-2.727572661273931,10.405204676323354,6.295999660050812
2000-05-05,3.491208221657626,-2.716891379125252,9.98129865057726,5.4255629277943385
2000-05-06,4.378946428825952,-1.4055571319007765,11.286117601559887,5.816658671719003
2000-05-07,2.5130998736827297,-1.4133356765842249,11.750696518906256,5.316220457254748
2000-05-08,3.1783665779963934,-2.8666606026987727,11.632688121948469,5.089804613795615
2000-05-09,3.036688101529389,-2.1854072081371854,10.399341555876163,5.046026460051168
2000-05-10,2.3274764753399233,-2.713124608780137,10.07505809762635,3.433014005192226
2000-05-11,1.4505615036584008,-2.009714720506741,10.497469464051216,4.735012497774957
2000-05-12,0.5183049475798835,-1.6686281466548034,9.640637486151308,3.2702528810250158
2000-05-13,-0.6086189181814019,-0.6116238897099,11.174191672670128,2.253660518016376
2000-05-14,-1.9655874526124553,0.2924020701650719,11.414595499325223,1.3558874000129784
2000-05-15,-0.868787244167279,-0.8625623803203771,10.611430827508864,2.089469209413501
2000-05-16,0.5356075629682577,-1.5523331092778596,9.422135448935528,1.4747135322919305
2000-05-17,-0.06180746851608421,-1.0794080655993588,10.367099879875607,0.9387404195912471
2000-05-18,0.06978265153305618,-0.6860108587639785,9.040735691141544,1.858846780491103
2000-05-19,1.6250003872617782,0.0048774300782552515,9.432969481688913,3.026689616040633
2000-05-20,0.81658998943088,-0.8116792781521345,7.6657597088843366,2.657097807040783
2000-05-21,1.735015204971868,-1.7346384605785636,9.025790895071768,3.8649531065461504
2000-05-22,1.248939594795002,-1.1824318453553921,8.52198413332312,3.651800645122183
2000-05-23,-0.3637455627325836,-1.1204213575837898,9.32278763672696,3.877756253596628
2000-05-24,-1.4489082015613706,-1.2760514742659077,8.047521108573717,3.435938641356688
2000-05-25,-1.690017474918818,-0.8134030396141279,7.295279379624005,5.095641968277994
2000-05-26,-3.154552769860568,1.0521067301869569,8.614046328407836,5.048220314566223
2000-05-27,-0.6499669352113115,0.6748567482700095,8.7707507626747,4.753136605670846
2000-05-28,-0.3387674452090925,1.21437006852476,7.835392338059753,4.624418203919677
2000-05-29,0.5293505112348124,2.1761127147547668,10.779762831632043,4.239175969478719
2000-05-30,0.5858204103907368,-1.1038108150586754,10.6861273657341,4.692669365126324
2000-05-31,1.0856829896841143,0.25103667339434765,10.914779921310874,3.3134795173187257
2000-06-01,2.7304919186747387,1.7179271699819623,10.207086541680809,4.554720906513291
2000-06-02,2.571535185904683,0.48929284699557707,8.859379501197768,5.786026435028834
2000-06-03,3.11049339460889,-0.08594790020380183,9.010808965890424,4.746972911431478
2000-06-04,4.34360941400517,0.2753101327222461,8.60762094839478,4.120484144580146
2000-06-05,4.936333134131388,-2.387489681200089,9.754314305660868,5.127478670188748
2000-06-06,3.428227988514102,-2.1184980400084283,8.960826995686197,4.552916413717773
2000-06-07,3.3871680954093897,-1.2854403710808895,9.922848705072113,3.2819674596823405
2000-06-08,4.063311729527044,-2.7794285743118263,11.39137043380132,3.1044846682038605
2000-06-09,5.747437472001325,-2.464119809503685,10.661140556102659,2.481513961510805
2000-06-10,5.441049766145129,-3.2905099374881606,9.119150196773383,1.294692828561106
2000-06-11,5.477631734419225,-2.810706820358961,8.750851382038862,1.626187304125837
2000-06-12,5.578391994277829,-3.7456653643475857,7.952293586500521,0.6411055252255186
2000-06-13,6.093816905774092,-3.9152787091167656,8.544731593534829,1.0196660801512265
2000-06-14,7.546353391683909,-3.9135216134412394,8.53276257793217,0.8587231710950174
2000-06-15,6.4203265065145825,-3.4468411474706397,8.515838069597354,0.9181444332293381
2000-06-16,4.714532501005099,-3.649895678765715,8.81050506019021,0.722909853834435
2000-06-17,5.416060410643678,-4.445504136861358,9.335519890385699,-1.5554859540112884
2000-06-18,4.16169305828655,-4.098918027000988,9.136155789366603,-2.09855617556625
2000-06-19,4.682251264524423,-5.107608714100769,7.606400524677461,-3.843191557344263
2000-06-20,4.255003216670433,-4.424537101248199,6.455533441539381,-0.8324274613954374
2000-06-21,2.8371870592671335,-2.8699261071998343,6.818346688645635,-1.6774373839559173
2000-06-22,4.021312235940357,-3.617970880721722,6.776396682063543,-0.3383676524664785
2000-06-23,3.4718880096466584,-3.066428117160068,6.377282698911806,-2.049634507569002
2000-06-24,2.6878490022141035,-4.205757979024455,5.83362244664824,-2.0339961195294487
2000-06-25,2.9149609215015757,-3.2718778659088685,5.867211954526143,-1.1311863245779858
2000-06-26,2.726310658360011,-3.3277042182960446,6.513005739370988,-2.4993566357771475
2000-06-27,2.2473721779236104,-4.698457888915713,7.5665473921832005,-2.11792139230669
2000-06-28,-0.05699105643793789,-2.808802220295636,7.03855223238611,-3.9799637893931985
2000-06-29,1.7568831674195056,-2.729989540636742,7.616235130056418,-3.79321584912495
2000-06-30,1.1256537496469399,-2.0972101774447025,7.446374430641764,-5.0226941196081425
2000-07-01,1.7466459364211864,-2.9257153667102225,9.46736163586631,-4.349149353013266
2000-07-02,1.6746853069748835,-3.052905340701854,7.89509746976055,-3.328934863376623
2000-07-03,3.138904352576391,-3.4884774972454924,8.807722587874887,-4.371423451524968
2000-07-04,3.8063292468158707,-5.071405440400717,10.00509786812928,-2.904713439183498
2000-07-05,3.810470233441266,-4.844860904296888,8.938909458027522,-4.6833403633511175
2000-07-06,2.4254211720611014,-4.11213590131987,6.5711204051861625,-3.429037668744381
2000-07-07,2.6554711102046844,-3.6995926556684497,7.1483006904686555,-2.7096220913575415
2000-07-08,3.8949334907408746,-2.4997094850413983,7.903876733016049,-3.0388923366243663
2000-07-09,3.4714663421503547,-1.2247598717624242,7.139905503484198,-2.9776857694720613
2000-07-10,3.249100261573503,-1.7702125683688066,7.368694522469234,-4.681618801142808
2000-07-11,3.4800565788499047,-2.502204492243752,7.6790850266410375,-3.8352919164659713
2000-07-12,2.9244368007987456,-0.3956967961938975,7.059702949318071,-6.26658496154014
2000-07-13,2.7374536495502824,-0.8964125987409217,9.161249213993692,-7.980880164863441
2000-07-14,2.1736707021259662,-0.28756159623863553,8.179283132265244,-8.65040614798275
2000-07-15,1.7103847254835272,0.9360052342303244,7.557138576010999,-9.764085948395287
2000-07-16,0.941978812775276,1.4056802856567914,7.683728667193073,-7.815527221099549
2000-07-17,-0.14195217868859955,0.8552403093082299,8.67776037557072,-9.08584119805148
2000-07-18,0.1149396065085539,0.10650429388510907,10.210483615651999,-10.143505412869315
2000-07-19,-0.8218368933709861,-1.783698776948538,11.165259178786462,-10.366906661362046
2000-07-20,-0.6857365308492518,-2.9177450859084653,12.121387196443756,-10.795202428712011
2000-07-21,-1.3616964619256549,-2.907852084322889,12.287405993472365,-9.124986509325232
2000-07-22,-1.0744425339786061,-3.2268924106644845,13.544568871071018,-8.704328321285349
2000-07-23,-0.42900389777245107,-3.4078443316869893,12.902735427330045,-8.595989468451664
2000-07-24,-1.018978120052515,-3.323445227237576,12.530382015286179,-9.02838750857015
2000-07-25,-2.448448518050354,-2.644199934643304,13.234350519338125,-9.701452575964868
2000-07-26,-3.1463345396708413,-6.080378899117063,13.382746824912525,-11.232930449721685
2000-07-27,-1.6393758627816066,-6.359651586719037,13.130853161820019,-10.611642420211089
2000-07-28,-2.757297643914399,-6.9447353440064,12.215759347663806,-9.09322311713767
2000-07-29,-2.347626675260405,-5.973328599947653,11.459389445761055,-9.271613054623467
2000-07-30,-2.564114532543168,-4.127102508457915,10.159644825545696,-9.2481849714682
2000-07-31,-3.506254491819292,-2.9392603946612574,10.934357600407598,-8.631005984272171
2000-08-01,-2.9843815463481405,-1.6419045906598668,10.149274378331269,-6.853027134263138
2000-08-02,-2.088626743509095,-0.3572225767638779,10.986067361504903,-6.705573106005332
2000-08-03,-2.441670958283303,-0.6043125351808113,10.723416591180547,-8.264430201963329
2000-08-04,-2.0304292624532194,-1.1453140658784016,10.254805043705906,-8.950025403240005
2000-08-05,-0.04606301665919266,0.3081772786382142,11.433207168848298,-9.440358334869963
2000-08-06,1.1138246486307124,1.2253657183027924,12.95031740551437,-7.74034691160866
2000-08-07,0.5682470720027188,2.6595198053719473,13.795132517049076,-7.365534198152435
2000-08-08,1.165603278479714,4.536129220012202,13.413372237987973,-6.778069966742531
2000-08-09,1.394188977705849,4.690297380805359,13.228670056601679,-7.330274233700239
2000-08-10,3.5858245827383852,2.137229028838069,12.855642824043336,-7.409337108024096
2000-08-11,3.8852703994570765,1.700382692225506,13.147336821710313,-9.466000706962213
2000-08-12,2.2467172810674585,0.6490137759708776,13.981533460933205,-8.36072218214979
2000-08-13,1.6410790275983569,-0.5636859749078678,14.06273462527714,-8.711609060083704
2000-08-14,1.9848343151182308,-0.31031706795482383,13.427852193281158,-10.728696868326567
2000-08-15,2.7631524477990608,0.1189020854195168,12.476332145305694,-10.753621959417337
2000-08-16,3.703263192062445,1.225698066194066,13.668689452160999,-11.22415914280529
2000-08-17,5.094645012293077,0.7596053269893506,14.332083920306347,-12.803068083777019
2000-08-18,4.680846978547471,0.7468895238540428,14.981313007521216,-11.856680625817813
2000-08-19,5.255495491753439,0.03940464761026341,14.602383756528663,-10.307647110199422
2000-08-20,4.812429718707091,-1.8368798217863282,15.616859661447258,-9.640467771309131
2000-08-21,4.694464803671994,-1.654463856716246,14.91989025836267,-7.578158671514116
2000-08-22,5.386803159068193,-2.306867710390711,16.366257883519665,-7.229235150151831
2000-08-23,3.8316780345102606,-2.6864827687625166,15.649900880272225,-8.291962577220824
2000-08-24,4.236523099873636,-2.9976620571107886,16.07547143708276,-8.556337229386308
2000-08-25,4.870114267639062,-4.567961010617265,16.4534304641136,-8.766768289560614
2000-08-26,4.1770132817763725,-2.4575462229817426,17.279573802566805,-10.26930376186993
2000-08-27,3.752537351123263,-0.08581025003209142,16.964624054833706,-9.807576003275086
2000-08-28,3.1179109348106406,-1.3660019543815451,15.760337723711464,-8.964662298683427
2000-08-29,3.191573308756085,-1.3067709472403692,16.616219984480658,-7.508579040743076
2000-08-30,3.765398137494677,-1.6831833273038859,17.39769243469023,-7.100393580453208
2000-08-31,4.195725174312299,-1.4834706876058812,17.942444003558506,-7.656291338753887
2000-09-01,4.062109039045929,-2.0054726330669688,19.79547569518504,-5.90305822207835
2000-09-02,4.813166988821691,-2.2437274864747057,20.384049391576344,-5.910599115331385
2000-09-03,4.509110519426142,-1.6124252949782094,19.884362680791508,-8.095160756970273
2000-09-04,3.9364052091275044,-0.7293190664787137,19.742066382808463,-9.206349284203187
2000-09-05,5.290950936033605,-1.1120632334527503,19.7256458773239,-9.077309773268299
2000-09-06,5.158346722981604,0.34688911769632425,18.051126253839158,-9.092301026006014
2000-09-07,3.1617084247835296,1.6809132187625775,17.80660665085193,-9.768109575745902
2000-09-08,3.2199230587879404,1.814663682824725,18.291620684367054,-10.32863356194091
2000-09-09,2.455173709028416,2.6414565744501735,17.869246967462686,-10.019034393636366
2000-09-10,3.1849475027793304,1.1485381961384449,15.809050696683155,-7.408025738473169
2000-09-11,0.7844715340336483,1.8517837456546498,16.30723406954362,-8.77769904784454
2000-09-12,2.2772658459298456,2.002593674326555,16.130584643479455,-8.333163207729294
2000-09-13,1.7122818642264752,0.5975304354626616,14.68634169802301,-9.568428344627685
2000-09-14,1.8521439060869036,-0.3516056375946419,15.503981460150678,-8.605891381703067
2000-09-15,1.0602166938174258,-0.22623388032903785,14.617879211153946,-9.73544930067192
2000-09-16,2.0127966084683604,0.2389871290869468,16.485220173028345,-11.38377381028187
2000-09-17,0.4736040526162477,-0.5041880028817491,15.195969227205097,-9.717563510399371
2000-09-18,0.8142750686448483,0.6521834988804012,13.786060322919006,-10.2507326669526
2000-09-19,0.3312435912106561,1.9404013820756638,13.951073838746732,-9.996842598435835
2000-09-20,1.869152168430355,2.643963123720053,12.988784388208149,-7.805954661215181
2000-09-21,1.1497147005920394,4.330429919370205,12.646108314298768,-8.118818218580907
2000-09-22,1.6683317645557791,5.425214086264911,11.75461209094952,-8.758632873892703
2000-09-23,2.899392888296364,5.113710457684207,11.540902169740828,-9.384493949297887
2000-09-24,2.9385907422394593,7.059992822576131,11.768057053189715,-9.002185677554433
2000-09-25,2.4170186454478984,5.819937797558273,10.94200287023602,-8.387157712606617
2000-09-26,1.8145030567460654,5.595935442969192,10.784289543729226,-9.27183783984358
2000-09-27,3.555276993853186,4.732328835925577,10.747504406806106,-10.138372161732535
2000-09-28,3.2594777432704642,4.177166227092579,11.472555705574479,-10.486123338418547
2000-09-29,3.9736788009915696,5.912363346424891,13.247823449543528,-10.777646072261911
2000-09-30,4.875807565313826,7.012468376047868,12.368887695488143,-10.992369336438095
2000-10-01,5.443446203100937,7.600201062778892,12.053026617178727,-12.798086956922022
2000-10-02,5.251157992587479,7.9075397821556646,10.775103319549572,-12.75392431414411
2000-10-03,5.235855008992133,7.905587445756598,11.086969744788966,-12.37967818078741
2000-10-04,6.159045888618745,7.630123534875544,11.403873012968017,-11.682117933937718
2000-10-05,5.9166499662362,7.361790829894662,10.232103637952,-13.969006036171681
2000-10-06,4.514527515717637,7.93588395313954,10.132389726079788,-14.299023879591546
2000-10-07,2.7996995556025537,9.856006663853904,8.969659755522876,-16.01706717400943
2000-10-08,5.086213489613,8.730376655533162,8.693585475331417,-15.823516804200409
2000-10-09,5.396629151809945,9.025160530078063,8.686490822118497,-15.651602382386837
2000-10-10,3.3614338288375962,9.449273555387208,9.947884145871715,-16.381370515642338
2000-10-11,3.3860793335350086,10.968105435729374,8.43795604498208,-15.79867470339943
2000-10-12,1.6250130247988959,11.694598596794863,9.292554193567433,-15.093825558903983
2000-10-13,1.0605554218844144,11.33843543311492,8.229885110322376,-13.1659770317238
2000-10-14,-0.6164591700748694,12.680412034727865,8.980715231788812,-13.671486533233601
2000-10-15,-1.26939158462501,13.321447781885587,9.473661782571511,-14.500020841586386
2000-10-16,-0.4608786680590473,11.287532773253863,9.380022302133177,-13.953680597748676
2000-10-17,-0.22802131188273225,11.975347310856236,9.125315385139753,-14.605204583031126
2000-10-18,0.5877647856284036,10.89341371012754,9.629590100447139,-15.114554484493036
2000-10-19,2.3284849186527117,11.805529557590763,9.000921010618987,-13.082769277868527
2000-10-20,0.6397189444194469,11.684149171978195,7.9000641934908575,-13.282389070932547
2000-10-21,2.5809893888179474,12.226258953686507,6.7904096050933616,-11.169230324754677
2000-10-22,3.5127961170595157,12.469843222998934,5.528952587872894,-11.88036043854472
2000-10-23,3.4719607712518643,13.647293815838092,4.3588129898774035,-11.99553464131715
2000-10-24,1.377173316823538,11.846053355243951,4.043247278858462,-12.126503883230463
2000-10-25,1.875677775285789,9.918874720935765,5.7728359874102555,-12.283629048887368
2000-10-26,2.844436847805219,11.08811470168024,6.1640872428962155,-11.383809060577029
2000-10-27,3.3256216589592964,10.95310017560736,5.0288024251657095,-10.735750805251483
2000-10-28,5.000775017655244,11.034412828815945,5.743838866784657,-10.246618632251069
2000-10-29,2.895012237574104,11.460299295192247,4.353774836627443,-9.744606805611587
2000-10-30,4.004394924719894,13.3870231827382,4.777992882779677,-11.354671666833328
2000-10-31,1.4595680540477458,12.864221884205929,2.978536189496282,-11.858973997518834
2000-11-01,1.5478993869430975,13.232674064803367,2.6581763323595116,-12.689841200012488
2000-11-02,0.13413889782036947,12.831285517646553,2.9200041050760537,-10.649083975758975
2000-11-03,-1.5689751552831586,13.830635830115488,2.1057099229672978,-10.979945108817907
2000-11-04,-3.081084945641763,13.471894666174167,3.5959530874783816,-12.289820983180759
2000-11-05,-2.7335258107466807,13.596142599256522,3.8595520257332603,-12.4974613246393
2000-11-06,-2.3033861052455924,15.203309485681471,1.8827692313381963,-13.09202370981791
2000-11-07,-0.9366993723585759,13.424144696793054,0.7734233051597417,-13.108352899942204
2000-11-08,-1.4043230827317341,15.001869832104392,0.5525524060313807,-14.631592680452894
2000-11-09,-1.6685002073747752,15.151811701109384,0.584218170391884,-15.637945816426933
2000-11-10,-2.090035371047105,15.287784727624445,1.6741813926571667,-17.105483647280625
2000-11-11,-3.79306955516616,16.185238602835746,0.2595758077438406,-17.335206977985504
2000-11-12,-5.641743955906254,18.569858319931814,-0.35624795314776403,-16.930162529958064
2000-11-13,-4.149232493243565,20.548287561600105,-1.567185827499934,-16.516877190389625
2000-11-14,-4.148572649978574,22.847939883987543,-1.3456941668298639,-16.923065918719676
2000-11-15,-5.233668453716376,21.69545341905977,-2.863667768299571,-18.685691507823414
2000-11-16,-5.642236261470964,21.477329368706965,-2.3218714752631895,-18.8380493401967
2000-11-17,-4.788570375509767,21.180395481038868,-2.4207916061870995,-18.816440623819613
2000-11-18,-3.1933416393364604,21.473178776313436,-2.6045991138253544,-18.981947683492823
2000-11-19,-2.6691258438720444,21.299342379738384,-2.105872617883034,-19.603054461397242
2000-11-20,-3.9139755937180216,21.322660371889928,-4.080155169069394,-19.55226901258992
2000-11-21,-3.119797034386561,20.880102641786927,-4.8428422651187395,-19.015809462125528
2000-11-22,-2.192141341044953,21.707025537331347,-4.617823092125946,-18.429279197700488
2000-11-23,-0.3374178802979204,20.301131323704794,-3.7197954667229483,-19.425068660468813
2000-11-24,-0.7317560128039863,21.627293513433234,-4.010241808831454,-20.19328380452
2000-11-25,-0.9160645942171185,22.737287554425166,-3.4976073648507793,-20.639607202011813
2000-11-26,1.8897401475851097,21.133187883022945,-2.6070519870451525,-21.277103961492156
2000-11-27,-1.2814923364203024,21.96398455730946,-5.029181645564662,-20.984195588971257
2000-11-28,-0.00456341271282068,20.93113326957747,-6.040210707077196,-21.475562535717422
2000-11-29,-1.0382219683832505,22.15794748470616,-5.209479448438601,-21.40586060538889
2000-11-30,-2.096669826750899,23.394340956558505,-4.83832850642186,-23.11709800409425
2000-12-01,-1.99853938562304,23.56750404670055,-6.396634703725751,-22.230071167618767
2000-12-02,-3.7927753746326616,24.510068634096555,-6.245522589732231,-22.213929507714195
2000-12-03,-5.504119086762374,24.895638524550513,-7.952693528977952,-23.54350193933016
2000-12-04,-6.623015046434709,25.622820299782497,-7.700768956819353,-24.26554397269541
2000-12-05,-6.431305440037564,24.804025382310577,-6.437184742271982,-24.91018257006846
2000-12-06,-6.315938309328968,26.01049686806014,-7.800487930459808,-26.81867021020931
2000-12-07,-5.544848773778105,25.74834416110813,-8.245006742642387,-27.15279170824621
2000-12-08,-5.158748117698164,23.18523365263682,-9.173901480064185,-27.568984532658614
2000-12-09,-3.5648696710618113,22.27398646294328,-8.72555014079033,-25.440387088002346
2000-12-10,-4.099417446912652,22.796091434303747,-8.725905527865566,-25.50313644642962
2000-12-11,-2.7954493192774392,21.549011696521617,-8.822176593959734,-27.274756318856937
2000-12-12,-0.192947001928657,20.006696179567047,-9.222208910063832,-29.735896456724536
2000-12-13,-0.9431248408591443,19.47253966053769,-9.40186322564273,-28.944349064476796
2000-12-14,-0.5139025727025264,17.52347997633078,-8.716621658053665,-29.184206713545265
2000-12-15,-1.6854087504331758,16.736975728721195,-8.032154632325984,-28.57879235611587
2000-12-16,-0.3923182589712384,16.324508150720717,-7.599760139875858,-28.382292613921454
2000-12-17,0.8728302778159927,18.32715138761776,-6.734875755839653,-27.89983816790439
2000-12-18,1.0860071734951622,19.95019828159648,-6.211988570406796,-28.45342143198598
2000-12-19,0.623028407045121,18.943304146022733,-6.7914320558820895,-28.80546017736108
2000-12-20,1.5331027228052898,18.033565352532257,-7.57621645692567,-27.81769407101449
2000-12-21,3.1367085089708047,17.202122386635786,-8.167180933156034,-27.581039610200442
2000-12-22,2.8723762939852673,15.52514924729055,-7.9706931148697375,-27.114218594976105
2000-12-23,4.639945601641905,15.756481910019724,-7.421609938995383,-27.53573359481275
2000-12-24,5.1585172163460005,15.061517417203373,-8.46808490376898,-27.40500237865203
2000-12-25,4.858789092013116,14.050197010161282,-6.912592519529036,-25.864683786910543
2000-12-26,6.35351083944593,14.089207225914228,-6.98391099942634,-26.730083143705322
2000-12-27,5.649848186537484,13.346955706275509,-8.285150190078873,-26.67554657035434
2000-12-28,6.106962141883546,14.191242037663192,-6.888111416006964,-26.406849584486928
2000-12-29,5.909810645010166,13.909738551991667,-6.919127514923135,-25.613735214768685
2000-12-30,4.91303259563054,14.513402432264826,-7.252974508933436,-24.99219526374763
2000-12-31,4.957606689831401,14.68581433835568,-7.355214426962682,-24.752200147403187
2001-01-01,5.466478748363978,15.658690259458698,-7.084905292179407,-24.34286163318263
2001-01-02,6.278126121468506,17.36344871719578,-8.5754196765273,-24.325729568716472
2001-01-03,5.9700979622376895,18.951348420990414,-9.11009076411441,-25.326164721724272
2001-01-04,7.597446127415026,20.095153838952296,-9.244265258035313,-24.356084228281464
2001-01-05,6.988832965812504,20.05045212964485,-7.454461979038487,-24.455315966519
2001-01-06,6.633468443455846,20.36220349475743,-8.458593012807853,-25.033469617273465
2001-01-07,7.846973088932842,21.000464660382967,-10.138150430869672,-24.159182409433114
2001-01-08,8.857181361279123,20.29476975039719,-10.824201403905187,-24.170039847617847
2001-01-09,8.000620050376742,20.170342209091377,-11.307823035648275,-23.827587010313184
2001-01-10,10.528742704735931,18.376830511049512,-12.53984482568611,-23.88724869496217
2001-01-11,11.03061601142512,19.09436287463177,-13.378139876805282,-23.212998047438017
2001-01-12,11.564212576755843,19.792512309775617,-13.99257824016572,-20.63324301523125
2001-01-13,13.316456351519191,19.24870210104478,-16.270887611213467,-18.705997752558424
2001-01-14,13.301420532148555,18.875053590605614,-16.188310649219453,-18.154328099232288
2001-01-15,12.658433936752017,18.377549254074843,-16.977428491078975,-18.025547410070832
2001-01-16,13.521039884206255,18.981737784730726,-16.356516853735272,-19.033626819003235
2001-01-17,15.392857073782526,19.948198146268435,-15.03748878839022,-18.964417529183518
2001-01-18,17.090341699063625,19.71802681289886,-15.645248073874185,-19.687476535460952
2001-01-19,17.42330867804428,18.392862721094136,-17.266066461089896,-21.171018291754372
2001-01-20,17.42805053818853,17.380661695223225,-17.90182707953009,-21.061550899171998
2001-01-21,19.29121195706827,15.004130431791943,-16.526520517674076,-20.393249897993
2001-01-22,20.955053664572798,14.161753957737272,-16.298434078173287,-19.80362204174495
2001-01-23,20.8909215579159,13.51664337014534,-15.536792277175694,-20.540175704303223
2001-01-24,22.1546279858029,12.237249780707064,-16.288655793158703,-20.925210279812827
2001-01-25,22.489702076957318,10.939971760938928,-16.0465108515843,-21.197116644824206
2001-01-26,23.504729477277436,13.551187402178277,-16.18237030945995,-20.72466661186184
2001-01-27,22.91032578830913,13.826205938958815,-15.459229430580182,-21.520821801359585
2001-01-28,22.09569295214063,13.319639078421272,-16.163664263493317,-22.07387022730538
2001-01-29,20.362448663639768,11.949631138081626,-15.926581540770755,-20.376817566620957
2001-01-30,22.042373118858947,11.970389842373539,-15.340897300330363,-20.14281946203272
2001-01-31,21.755704478976675,10.146255961554722,-14.402433139968238,-20.809570073709704
2001-02-01,22.571929888716138,9.971632246768841,-15.57047610148084,-20.326370021989472
2001-02-02,22.69568703435355,10.881384308146309,-15.334089018257712,-21.355627599024082
2001-02-03,23.894620194308974,12.467550457195257,-17.301818827204063,-22.139935615480947
2001-02-04,23.66347888972207,11.624181148878373,-18.286017586751704,-22.943586890815276
2001-02-05,24.63194701786833,11.922814097109411,-16.346330332696702,-21.424371562072853
2001-02-06,24.437308462636157,12.565914097279718,-16.71061871133466,-22.392510285950717
2001-02-07,24.86715049998174,12.573086953830073,-17.230020023660426,-22.604456958719116
2001-02-08,24.90057096590472,11.839440616986048,-17.03817197566586,-23.34735719405397
2001-02-09,25.184813744815003,11.977707071150064,-18.031719180996426,-23.796639118207917
2001-02-10,25.671869105387508,11.055429625542645,-20.471175969183534,-25.34483139502995
2001-02-11,25.732322896465384,10.18207495047214,-20.778056437443432,-27.2190373660474
2001-02-12,25.63181777579664,9.432517263389101,-20.506472364619302,-28.068756738405014
2001-02-13,26.538864068163075,10.961493620247662,-22.446690190091054,-27.880721035711037
2001-02-14,27.060541139482584,9.512500053802146,-22.352227261728054,-26.178401486161846
2001-02-15,26.807458663135897,10.368010042264217,-22.970173091897674,-25.47624757963589
2001-02-16,27.56342448627555,11.375515036991914,-25.4825420410988,-27.812159760824773
2001-02-17,27.811247574361104,11.732860903822779,-27.192550330416907,-28.367352612417363
2001-02-18,28.206087199125466,12.25734446193992,-26.348314719463414,-27.63798949714135
2001-02-19,27.422284355480024,12.916821555003729,-24.97551812309316,-28.28505910438052
2001-02-20,26.959489093555856,9.914318764079994,-25.657261524480962,-28.981035448611465
2001-02-21,28.59957702149048,9.49611734343646,-26.291680014620635,-30.050280131319244
2001-02-22,27.59833222111826,9.59175806724715,-27.093261023054684,-29.35718514705917
2001-02-23,27.60922712855449,9.614701945803818,-26.14438165365148,-31.89007457930192
2001-02-24,26.57046693171496,8.928522880117615,-27.497353568424362,-32.706416442454945
2001-02-25,25.244599453813176,8.305720229139038,-26.99938268048923,-31.334963104595403
2001-02-26,25.833842166783317,8.40701555500609,-27.167127116287567,-31.587419010911134
2001-02-27,25.441969781271336,9.03534954122495,-26.788619088624483,-32.848755830135154
2001-02-28,25.153298434754486,8.549744634157694,-28.829315277330036,-33.66226331956201
2001-03-01,24.774369947539387,8.564265648750945,-27.66300360906529,-34.23692521191139
2001-03-02,25.032999864984003,8.934472095478537,-29.568862679319704,-34.14712317939726
2001-03-03,25.281636150074586,9.608257984859959,-29.7906988124949,-35.42704447339739
2001-03-04,25.540859567931122,10.295741167934018,-28.70747572434861,-34.99955644316424
2001-03-05,23.702930291758545,9.942175828897472,-26.846106263361257,-35.99759345954402
2001-03-06,24.806476589243314,11.640933360604643,-26.09595622295351,-37.20462789212181
2001-03-07,24.628402749656992,11.285538933307011,-27.482317166243483,-36.76438029102075
2001-03-08,25.38735582132625,9.558333782548626,-28.176469176613683,-35.91804799261055
2001-03-09,25.14075720135922,11.14191633996296,-26.843790191751594,-35.14717840364066
2001-03-10,26.050119925187555,12.559762960769113,-25.785635910211006,-35.20507745272531
2001-03-11,26.951480098438633,11.745490808407954,-25.66463663339514,-36.24263570659387
2001-03-12,27.154478927151512,11.079700554932751,-26.137504630056323,-36.465882098121284
2001-03-13,25.753695168054232,11.564205299818438,-25.562491798472703,-35.546094688613984
2001-03-14,25.063198577292212,12.676252924881915,-25.815166198448857,-35.71647714619555
2001-03-15,25.403548327701014,12.772192340249598,-25.903075544766782,-35.50825891023731
2001-03-16,26.857591454099826,13.845325404275203,-24.868284505984057,-35.296932322969845
2001-03-17,28.300714203631706,13.811994779338475,-24.88852587493613,-34.121300197092594
2001-03-18,27.918660361800278,14.047292638477401,-26.465663469095027,-35.483860228528215
2001-03-19,28.76202423132854,11.563521429333726,-26.048305905855386,-36.1102318910158
2001-03-20,28.52233817417158,11.595580756440048,-28.03685572205968,-35.89382763105472
2001-03-21,28.243328456609543,11.710308794394338,-27.487087221563158,-37.918467140808886
2001-03-22,28.460016587125818,11.776860255697304,-27.162308201242897,-36.576845105598224
2001-03-23,27.595943814532234,11.844446570529058,-28.28681576860821,-36.54685804877474
2001-03-24,27.985318595411872,11.249933356530908,-28.419086143762343,-36.177834302423165
2001-03-25,29.06034959155285,10.402579430470636,-28.54397558451321,-36.06038210528804
2001-03-26,28.603291173600955,8.314664566063215,-28.600255983066905,-37.09498923992254
2001-03-27,27.56973710622119,7.920511525039882,-27.701666514049453,-36.9644911360422
2001-03-28,27.56718978463557,9.54955155803823,-28.30556511807143,-37.43213786913195
2001-03-29,27.27881833669499,9.30876140599304,-26.890300643172242,-38.590703484179684
2001-03-30,25.967982687497596,8.08674941474278,-27.401800964781398,-39.144814488272196
2001-03-31,26.221332700403334,6.464149780086765,-27.043905951318386,-39.88967627731701
2001-04-01,28.621606070010344,7.346430759309654,-26.739705489784413,-39.53475813353792
2001-04-02,27.254384240566115,7.602905447143859,-27.271991409911042,-39.470893867403845
2001-04-03,26.726706461172373,9.151679372619483,-27.081866826895055,-39.46946787144503
2001-04-04,27.86581125944592,10.049268061758154,-26.276639645132352,-41.24534061082383
2001-04-05,28.886552955803737,12.29760587433282,-27.07473355721775,-42.227230456310885
2001-04-06,27.24790481813484,12.064586637170345,-25.33140122682004,-40.611054422232264
2001-04-07,26.36586392599921,12.137281045149928,-23.77135208736144,-41.23588028324645
2001-04-08,26.39089992019985,12.23673594717354,-23.6622513820932,-41.83002008409798
2001-04-09,27.388698956958677,12.078793612268942,-23.63359868209836,-42.29430276553323
2001-04-10,26.57563620982906,12.705720718352802,-24.542254838414017,-43.38190262422846
2001-04-11,28.025611023106034,11.38156689828031,-24.63321656191645,-43.22313229793376
2001-04-12,25.965111434039443,13.485290740569841,-24.685064944468355,-42.47119819156056
2001-04-13,25.730469045839612,12.2829124858945,-24.76917050698454,-41.510583523565856
2001-04-14,23.919907641624313,12.71399578069772,-23.57330884728896,-42.000521773154894
2001-04-15,24.699992563743287,12.438097923827096,-24.116889765629733,-41.90151848007276
2001-04-16,25.746607173247774,12.731487949052399,-23.228758797193347,-40.4754014989271
2001-04-17,24.244001399670083,13.521882151216603,-24.7822477884319,-39.462267365975386
2001-04-18,23.247637696895605,13.068717077567545,-22.148844096889498,-39.69149652848969
2001-04-19,23.496962603857146,13.08041245144413,-20.98551323874014,-40.40936438407098
2001-04-20,22.826002803411175,11.933265072905922,-20.461769825094052,-42.23299463200895
2001-04-21,24.551041715513936,11.019566041959774,-21.62657453072985,-42.98429267793178
2001-04-22,23.75184599036511,10.331899364202803,-21.949184051254665,-43.91519765439748
2001-04-23,24.026473450004804,8.845259541463568,-20.41596191693621,-44.56210166982805
2001-04-24,24.730180805923247,8.632726935448702,-20.142306602677575,-45.266200243087646
2001-04-25,26.76340045508686,8.383017912029048,-20.693192664916406,-46.079209662083315
2001-04-26,27.959485961639118,7.733517464044745,-20.438930733981934,-46.041110909423395
2001-04-27,29.09469628165365,9.083706376286619,-21.668078751759765,-46.95897702187405
2001-04-28,30.089166811648525,8.786638749867159,-21.548494521000336,-46.809990334114985
2001-04-29,30.073205394322056,7.385291237782884,-22.878511172368587,-47.69414639933741
2001-04-30,29.534995068908714,7.533853214238249,-20.60743412406932,-48.03682327915856
2001-05-01,29.23926973395503,7.057884758088558,-20.070812097311595,-49.02876039072359
2001-05-02,30.170777866231624,5.7610365102921,-19.257819674141864,-50.281497078410496
2001-05-03,30.51779398675297,5.669345618440098,-18.308086724976107,-50.68585958927728
2001-05-04,31.85497624901544,5.887501336797204,-18.049316398101272,-51.99658006317568
2001-05-05,32.665550810089336,5.912745405489696,-17.647584908959818,-51.7762247923566
2001-05-06,31.977877591702367,5.6920785215922916,-15.150401291014045,-51.37612593236123
2001-05-07,32.83730986287864,5.138120801223396,-14.322141445938684,-51.16452833289534
2001-05-08,31.951425598119425,6.135465978766676,-14.58691272889187,-51.212362611762856
2001-05-09,32.065932775340585,4.110960493904784,-15.1480370407164,-51.47979926067927
2001-05-10,31.213620019876675,2.325127099666122,-15.401367802441971,-52.23914829675152
2001-05-11,31.863080425964945,2.360856193357199,-15.120103746234326,-52.263354504395934
2001-05-12,29.663962492784428,3.2394124064263767,-15.684417089684281,-53.846783661109036
2001-05-13,29.423385234327245,4.299544028504833,-14.556430233087973,-55.23530434554303
2001-05-14,27.950883102940832,4.816667170127834,-14.509553594739211,-53.361623732380004
2001-05-15,26.890736087209458,4.783953265296328,-14.687083425794189,-53.589338633583075
2001-05-16,26.601836811237025,4.778149391970484,-15.850033936685012,-54.58136101194878
2001-05-17,25.876560532231988,4.294063546197749,-15.36775296332926,-56.37856483233966
2001-05-18,26.877207452090076,5.06786212694766,-15.453579085688157,-56.09611015835235
2001-05-19,26.480758254002602,3.64013637584396,-16.68361531835594,-57.253826003429396
2001-05-20,28.145098790478638,3.4633065636428917,-16.286475942558504,-58.02941008087238
2001-05-21,28.631603598798677,1.6505378695965316,-17.25920040233933,-58.86477859715125
2001-05-22,28.091659078186424,2.9811021598063974,-15.457168132921174,-58.39376757832047
2001-05-23,28.248543662138584,3.4685512891992314,-17.044017984870763,-57.08803443070996
2001-05-24,28.958337439427,3.081361920237612,-16.2148230952811,-57.48229315001571
2001-05-25,30.01670542549924,3.2787471733116487,-16.616734393189038,-57.68304665617392
2001-05-26,28.486836771600082,4.4944377435898915,-16.99917569569488,-57.57068208588801
2001-05-27,28.975007272721196,4.435086573440642,-17.307658602665718,-57.85088151823905
2001-05-28,29.3042652319434,4.979012060929982,-16.617564672827182,-58.64545869036139
2001-05-29,28.964864690206145,5.5893306872259405,-16.53083765811922,-58.11988297534308
2001-05-30,28.99912332077121,6.512722134262371,-16.135013918799384,-57.561735384909646
2001-05-31,28.3172084420185,8.426086958555029,-16.886091759959573,-57.17492224475659
2001-06-01,28.849620191230983,6.704830509095125,-16.314593443359104,-56.710715683701736
2001-06-02,28.391703718236258,5.223108244741338,-16.21411684574852,-56.212682342357965
2001-06-03,28.83062685933024,5.0963511394238665,-14.710659330267747,-57.851512064212145
2001-06-04,29.139557312234057,4.016574763965659,-14.110816532605064,-56.77394260238241
2001-06-05,29.428389970720627,2.9890781012472054,-11.946794812219625,-55.66360389314175
2001-06-06,30.550671339158058,2.5451508183494096,-11.9000354867528,-55.85484241505429
2001-06-07,30.13819900587476,2.467439465610254,-11.997514297335263,-56.064486555829745
2001-06-08,29.353520758902967,0.9060159743667777,-11.273653552453856,-56.29277859124429
2001-06-09,28.94607793899672,0.5073489350370455,-12.967036585472842,-57.63627497088591
2001-06-10,29.54272015545354,2.517443141548201,-12.52257368436032,-56.9246244888881
2001-06-11,29.479541629223853,2.232437471096463,-11.982452821328378,-56.130840872281865
2001-06-12,30.04309739344969,2.2740199511201222,-12.17781260565717,-57.05670270433624
2001-06-13,29.041639759294036,4.626191378849777,-10.974199220234565,-57.68850162799898
2001-06-14,28.28436963797786,5.758336256324446,-10.191513074151699,-57.226143224892944
2001-06-15,27.616868105878897,5.894236299127273,-10.818242040978372,-57.46565890211268
2001-06-16,29.209119534705124,4.479211295169355,-11.052355349009652,-57.34552493288844
2001-06-17,28.59178785165864,3.023045415022122,-10.273001691043078,-59.66294333333034
2001-06-18,30.042696981800987,0.9093922786829758,-9.593656181532618,-58.61864966479953
2001-06-19,30.186242022010617,0.8662077008887972,-10.863706448970538,-58.72217752746317
2001-06-20,31.994683146522533,-1.0182139610138898,-10.177852263694618,-59.36543383712731
2001-06-21,34.12876495090199,-0.8557733299508177,-10.690739548479673,-60.0360881278268
2001-06-22,34.06392070879788,-0.28362095267236076,-10.202690496628223,-58.33482233108497
2001-06-23,34.946610081809425,0.45603294694071794,-10.174141393859065,-60.39014112936282
2001-06-24,35.39337269412336,-0.18223572805125554,-10.349180253427013,-60.07783132516498
2001-06-25,35.53234973005397,1.1155753386713512,-11.423420231715722,-60.72304543163987
2001-06-26,36.02530255326966,1.70667209507581,-11.411888963222548,-60.39668544873017
2001-06-27,36.2113566970786,-0.24811814150363531,-12.572134377360173,-59.31612749733656
2001-06-28,37.04868900441013,0.07378039272359999,-12.880449276015197,-60.84065164958001
2001-06-29,37.02581478480721,-1.1188551096235666,-13.587299819709092,-59.89836613354913
2001-06-30,36.943577312204994,-2.6375686259863222,-14.009060253893903,-62.05481816004391
2001-07-01,36.829757330899795,-3.9141924123286436,-11.844361754220168,-62.933250929333745
2001-07-02,38.03088851597289,-3.256241485749095,-12.448292654446858,-63.590494172225824
2001-07-03,36.47826392735706,-2.9481488725874714,-12.215990230190444,-63.570604264875435
2001-07-04,34.75819806462183,0.2388912852564804,-11.798165652127869,-64.1989469205418
2001-07-05,34.70582616140106,-0.21670042722327176,-11.92592412012153,-64.02196371299954
2001-07-06,35.343504238931615,-0.7665715754536376,-12.246855728799769,-65.5794453995616
2001-07-07,36.33489856352245,-2.125704741193853,-11.982745107273493,-65.26151677556457
2001-07-08,37.59909467924104,-2.0863788631239544,-11.820324637548538,-65.45060477668586
2001-07-09,36.16397757550557,-1.3972242119372742,-12.431360550850973,-63.68049316098704
2001-07-10,36.73878661894679,-1.9936359711876492,-14.191618035303886,-64.77731938482646
2001-07-11,35.89346352395086,-2.14347971822399,-14.724637576362158,-64.6618226228649
2001-07-12,35.54461070129272,-3.0690368105222805,-14.849415571198534,-64.67871679433837
2001-07-13,34.89428464233262,-3.6276038474913763,-15.708010823350689,-65.31847209652115
2001-07-14,33.48751894760011,-4.434203404308695,-17.15738973020395,-65.62310149586023
2001-07-15,33.2107582563862,-4.845254718682061,-15.587976084289933,-64.89693642689686
2001-07-16,33.48862677175638,-5.099264700540829,-17.174075540395872,-63.33838773001513
2001-07-17,33.99516757702772,-5.141023313641733,-16.758015208259376,-61.48338648273252
2001-07-18,33.85288327686246,-4.9274424402415455,-15.719944674511119,-62.752651733354064
2001-07-19,34.04936221772393,-5.297109482221311,-13.995458073785496,-62.13040773724625
2001-07-20,33.994325313040456,-6.612347804051316,-13.11559298339502,-62.94858711822025
2001-07-21,34.35116954041574,-5.47440037426221,-13.578580590529267,-64.1604585932203
2001-07-22,34.40476875032328,-5.323034631958325,-12.224159642668106,-65.50036035423035
2001-07-23,32.99026808425217,-4.871245628419486,-11.40833218912177,-64.66071931849952
2001-07-24,33.0454081977984,-7.342917863916131,-10.674367836434174,-65.11246920691245
2001-07-25,34.20860286356658,-8.851673594934363,-10.022190457116366,-65.34532484555348
2001-07-26,34.43587360129101,-9.019805944760565,-8.455283044817172,-64.23663156426882
2001-07-27,34.601918751304815,-8.160083115890155,-6.86775225520581,-63.787577068701324
2001-07-28,34.65043903310635,-7.606251384116383,-5.059670954520852,-63.14920714339899
2001-07-29,33.18708493852256,-7.35918894931936,-5.136008428568035,-62.94190213482398
2001-07-30,33.129961711785995,-6.0418000365857925,-5.166091050203153,-63.840412741536376
2001-07-31,34.3503077365242,-6.38843846003633,-4.008725960895961,-64.61708240084671
2001-08-01,33.64796243861066,-3.3340855070227366,-5.253709092527801,-67.20191118783136
2001-08-02,33.35461980844823,-2.593228269519572,-3.8278161641555615,-64.27939456969011
2001-08-03,31.872037591855438,-2.0093069956493954,-3.23447692427816,-64.76339491922174
2001-08-04,31.37872451357362,-3.750198044764651,-4.452518455835338,-62.724454257093484
2001-08-05,32.29564987381268,-2.802542569291046,-4.984671315895381,-65.0919169642212
2001-08-06,33.4868265261213,-1.563980399893542,-6.3081479130458895,-64.83977991253235
2001-08-07,31.652365873522083,-1.2448112060297778,-5.909530541363302,-65.40105456114581
2001-08-08,30.787273995020467,-0.01157617952747092,-4.638366487631525,-64.11306195105149
2001-08-09,29.290230168207408,0.4570558608072552,-2.8105490563333935,-62.89520325607554
2001-08-10,29.812572197089516,0.5354980845817888,-2.33369306244511,-61.97031726583712
2001-08-11,29.86469743703367,0.39194378188723555,-3.0617805287518847,-62.95328070215127
2001-08-12,29.767795435431122,-0.08728053952320414,-1.8997493199195312,-61.284682432645496
2001-08-13,29.331602819824397,-1.9634347741207105,-3.363855837343822,-59.365255992365306
2001-08-14,31.061082027348323,-1.8824920799275775,-4.094424305695785,-59.10965793306483
2001-08-15,30.688778002515015,-0.9910805931952834,-2.1259589277459305,-60.05566996741337
2001-08-16,31.359447146331686,-1.4873695879216913,-1.1544166050733637,-59.86699261332699
2001-08-17,29.439946366773825,-2.0916362039965706,-1.2568168498711176,-59.42226922070084
2001-08-18,31.073220891841874,-2.3234205324450308,-0.27019872826604896,-57.93566840598688
2001-08-19,31.387692902909553,-1.1585990612508763,-0.6675843870996887,-58.96945982376592
2001-08-20,31.99328459764251,-0.39692087872729254,-0.9709113141108268,-57.930757181878896
2001-08-21,32.63949470801969,1.5365636220251058,-1.8985474308229169,-58.26600049699419
2001-08-22,30.4038174418371,0.6027302754075379,-0.8317191732103872,-59.22759078623482
2001-08-23,31.258848802816658,1.0685234165772894,-2.043940937282634,-58.8146415606639
2001-08-24,30.646448654170594,1.0439656044429715,-3.0234094174122497,-59.19119457415475
2001-08-25,30.03765827110618,2.5153689509582033,-2.2678342220963765,-59.88094339159558
2001-08-26,30.89217676930238,0.1326416851179557,-3.6417914217319667,-58.9596860933683
2001-08-27,32.87254138496938,0.4582887422295296,-3.0993749223835145,-58.91216399111973
2001-08-28,33.21328304995161,0.9316525851807611,-2.803285353138165,-59.72931085555448
2001-08-29,31.795970430534982,2.619954007555542,-2.4619735283138007,-59.61205393729771
2001-08-30,32.68392436111728,3.0643683861655595,-2.774529522376398,-59.487752196737695
2001-08-31,32.50605622616062,1.3922682337020917,-2.3183143358777554,-60.432327018849314
2001-09-01,34.29907434580996,1.5681512708769838,-2.2820310613566117,-60.299282187857266
2001-09-02,32.94167673862555,-0.917338267287434,-3.600541279285514,-59.93601716670854
2001-09-03,32.57458414772064,-0.44155269385216744,-3.801899489173015,-60.432321098091016
2001-09-04,33.213086206651894,-0.09942834729742173,-3.4145927201941686,-60.31280091658389
2001-09-05,32.966578488376506,0.4074858175439487,-2.3592914977827313,-58.80475653514441
2001-09-06,33.132536411039595,1.6701831698913348,-1.7154999132383153,-59.13023844470391
2001-09-07,32.690938519792496,0.786571716287397,-3.645943224355083,-60.38758173402376
2001-09-08,34.6201377356307,-0.2347473682139204,-4.10413590134188,-60.57326876118583
2001-09-09,33.4282516811011,0.859949411087881,-1.5560498304418866,-60.963879423948356
2001-09-10,33.79569309424055,4.298343275741544,-2.141728718101648,-60.42725567052889
2001-09-11,33.45671471417011,2.1607608064695287,-1.4052412494522022,-58.96487324961992
2001-09-12,32.8572719262547,0.05337757254785913,-1.660609276762943,-58.09853397767666
2001-09-13,34.011029584749814,-0.004620004592574334,-3.0289979441218904,-59.08138128504706
2001-09-14,34.51941856808256,-0.3444626010459434,-3.0181801113395155,-59.44177913507101
2001-09-15,37.06720416758049,-1.1508206828932415,-3.079487792463465,-59.180281539796674
2001-09-16,38.13321671193806,-1.286404601123263,-1.7488254929457603,-60.49038717874792
2001-09-17,37.76034838466135,-1.4339547806519035,-1.1931851421087978,-62.00613744613163
2001-09-18,38.37680619224665,-1.4832753995371388,-0.35298688016765245,-63.10441948016043
2001-09-19,38.638291215429284,0.7406233817833265,0.05427165094659403,-62.6184291550548
2001-09-20,38.7088456661449,2.271858380621612,0.44023546960275883,-62.49373333492912
2001-09-21,39.75831721050664,0.9459381150911312,-0.1741734823953236,-61.48590383826079
2001-09-22,37.817059969304886,-0.27011797960666617,0.871262843819431,-61.5643206700514
2001-09-23,38.630323756749526,0.20708697687361383,2.1305121749944558,-62.088709875539536
2001-09-24,38.09453676509559,-1.186685118631744,0.5906148779024714,-60.27451997998257
2001-09-25,37.4664357876266,-0.9417217946755323,0.5459753820271053,-61.2247159863025
2001-09-26,36.92964772806694,-2.9154214965364877,2.2315471627980297,-62.730536207731
2001-09-27,36.770359592627756,-2.9881053412139353,2.387665439558876,-62.850244726079204
2001-09-28,36.207315374082654,-1.178239637288355,1.8136483738661378,-64.1560608072613
2001-09-29,34.74020498233424,-2.296852574036906,3.496311956852538,-63.86807045110605
2001-09-30,33.69354178454546,-2.1493960686343923,3.582884639832204,-62.62478840575592
2001-10-01,33.67074614206809,-2.4134276719988597,2.9335493497695664,-62.988145483793446
2001-10-02,33.109964933129,-3.170804172083761,2.722007223973162,-63.06686342949185
2001-10-03,33.35125432763177,-4.138759263442251,3.206026677163432,-64.09833779425642
2001-10-04,33.60550968771917,-2.7483847617122574,2.776434878461757,-65.00182904437467
2001-10-05,33.44257894853187,-1.7590949574682804,3.9104222345537485,-66.15080248670048
2001-10-06,32.0319819440015,-0.450738807918194,2.5034725081879845,-66.59482522107973
2001-10-07,33.41239664228804,-1.9868355567126936,2.9355842235715577,-67.41244134201648
2001-10-08,34.15171666839448,-1.3838951909574102,1.4712785699752127,-67.27267565253078
2001-10-09,36.024219946835416,-2.3976420967170395,2.164285984768321,-68.8421799771555
2001-10-10,37.30697054731519,-4.4616167457264,3.1802102605633755,-68.64115554949642
2001-10-11,36.71636010846854,-4.5028979370972895,3.391732108548953,-68.88673524375038
2001-10-12,35.28336671463629,-5.280002683014377,3.4138286113757976,-69.89831080051461
2001-10-13,36.76929729037252,-6.262006399692164,5.396783967221394,-69.12842026310041
2001-10-14,37.20403790992747,-6.595495121217197,4.966079243275422,-70.0205040238543
2001-10-15,37.31470975665439,-4.919152296783649,5.608983893084459,-70.91730508725009
2001-10-16,36.32188086364031,-6.062976831850053,7.420628387653938,-70.4553230703329
2001-10-17,36.685179310037626,-4.360869060544215,7.04373145517504,-69.78829550151889
2001-10-18,36.190551637174224,-4.300376226558601,7.278088172756059,-69.51974017855377
2001-10-19,37.09402174377101,-6.1453424520384266,10.04167453670985,-69.77206830143926
2001-10-20,37.02166226624411,-5.509898819111706,10.896142564751017,-70.93806242056328
2001-10-21,36.558142545254,-7.636156020810714,9.485100535452467,-72.97851151628373
2001-10-22,35.554015305925816,-9.943477806774341,7.977183306510294,-73.52880822245129
2001-10-23,34.22470846176807,-9.496130696917158,7.365948838097853,-74.22178197485415
2001-10-24,35.17100232855456,-8.63685315735487,5.858092753962947,-73.34645022963716
2001-10-25,34.848472599258535,-7.498592512141378,5.477146131178565,-71.82581093369204
2001-10-26,35.83289225975491,-5.738180914323775,5.367061490412318,-72.05580917415018
2001-10-27,36.48185334091977,-5.624670825275777,6.036336141104623,-70.71656171937967
2001-10-28,35.042946733318495,-4.828691522166469,6.2023483745077685,-70.75641642797747
2001-10-29,34.13395392022817,-6.2666438654152286,4.888883827639118,-72.24278645552583
2001-10-30,33.45305397579543,-6.103780985268002,3.2087637523027306,-73.08838927266468
2001-10-31,33.277483122369816,-6.832736321760209,3.055647284791232,-70.91348695373141
2001-11-01,34.27478303205048,-6.443104569875435,1.6699301239900093,-72.961547195426
2001-11-02,32.6570638509213,-6.850640334698031,2.2743013328342,-74.40797504558203
2001-11-03,31.163764252452783,-6.487719688697049,0.6420691152286209,-72.42827301681031
2001-11-04,31.156642391512953,-8.841503417002267,2.38454916857377,-72.81279719478505
2001-11-05,31.28988443305327,-9.291404231157408,3.3209358409569756,-74.60323742774588
2001-11-06,32.00298794411149,-9.37066030521267,4.233307473040289,-74.50463984875537
2001-11-07,31.195684128644317,-9.277735586587225,4.652021127874894,-72.28942508318164
2001-11-08,30.64995316706791,-9.634480864342317,4.521735438574783,-72.20681034945821
2001-11-09,30.07170804205718,-10.251907955515012,3.6706183504466523,-73.39363392245144
2001-11-10,29.89309193162384,-10.648676543507817,5.1115541186185895,-73.29947493644043
2001-11-11,30.273754174353368,-10.317424292903063,7.482808281652137,-74.35136164462261
2001-11-12,30.410808490755215,-9.873172568916889,9.081919733345133,-75.54350431416236
2001-11-13,31.44659537138212,-9.048653798119245,9.993349132050813,-74.94661507087216
2001-11-14,31.59317366367418,-9.349753992572168,12.150959136699562,-72.48083183925344
2001-11-15,32.156941801055545,-8.002173052954737,11.660807809168638,-70.5875142460908
2001-11-16,29.736103967164198,-7.84985364288296,11.450451033927719,-70.19056192585086
2001-11-17,31.531822762254254,-8.3651923848175,11.27791667959125,-70.06706746016155
2001-11-18,32.01468910116523,-8.94759868416008,12.538260184931913,-69.47547537622451
2001-11-19,31.32483220860225,-10.615698119314946,12.204888691322038,-69.7791159111185
2001-11-20,30.609667582267733,-11.807124975597656,10.465462469312357,-69.18170900892544
2001-11-21,30.507983261437065,-11.321383177029986,11.073621731516678,-69.5595143991821
2001-11-22,29.88619754607956,-10.02474886636193,11.255472720422013,-69.16261325319219
2001-11-23,29.69661758178766,-9.48196770006775,10.914483777219031,-67.76807826771797
2001-11-24,27.920634337416306,-8.602856229408863,11.71169441430181,-67.65004757254472
2001-11-25,25.95262479228983,-9.716956940474498,11.055158934676339,-69.76809511822798
2001-11-26,26.058333552383758,-10.233299980848235,10.954967928263628,-70.28557001406463
2001-11-27,26.775079912280212,-8.101815328440212,11.397766081083828,-70.25431160906444
2001-11-28,26.446570765648083,-8.13613361102871,11.808531188844697,-69.72276819116698
2001-11-29,24.80732806160189,-8.920349300399343,11.148054107173632,-69.60673450582306
2001-11-30,25.774292653599833,-7.477719200254654,9.178492375232942,-70.89104520059588
2001-12-01,27.205160590486024,-9.465028509064744,8.60550242120291,-70.81960133135438
2001-12-02,26.663647533867778,-8.230735503568205,7.851750614374306,-71.13134619176243
2001-12-03,27.34929318635906,-7.6846632342987204,7.799154881943085,-71.84098009874045
2001-12-04,27.408646519897342,-7.6012818525860455,9.250262725166197,-71.61481106927184
2001-12-05,27.874882937600287,-7.051963850906189,10.146541005631118,-71.97599394823303
2001-12-06,27.814769078882627,-5.397393921698217,10.27899405731853,-73.40116629314461
2001-12-07,27.474100512674624,-7.046083389332247,9.180353171162052,-72.28434522551666
2001-12-08,27.632285211467796,-7.876430738898749,9.236054386632391,-72.39695170236389
2001-12-09,25.8942273195909,-7.828438262297392,9.254640264317933,-72.1016579642705
2001-12-10,24.71770007912442,-6.763370771530413,9.089676481882982,-75.04565249106136
2001-12-11,22.492921191482246,-6.750662116827468,7.877147239131899,-74.43072283829862
2001-12-12,22.208352048469585,-6.086330965629729,8.096296510542874,-74.55776019477551
2001-12-13,21.73081861562161,-4.685100380011674,9.435579417760273,-73.3155177640794
2001-12-14,23.001845638298843,-3.4278043380118364,10.529394075138985,-74.85205365290926
2001-12-15,25.057561447081003,-2.863803638159024,10.438653411472922,-75.52027736668988
2001-12-16,26.19808149049393,-2.8549070984622227,10.210038089743305,-76.16005181993818
2001-12-17,25.68170626170711,-3.2724950070221266,10.726525814067307,-77.91088312793299
2001-12-18,24.52346795231717,-4.760655279475282,10.567286586536861,-76.9019114515741
2001-12-19,25.440406218318905,-5.04404725868481,10.226856437055785,-75.75342915231893
2001-12-20,25.77933735577689,-5.256379016384342,11.416078741921755,-74.63869677029219
2001-12-21,25.951633840281342,-4.836200069126213,11.875598361455452,-74.36847322875252
2001-12-22,25.449542428425353,-4.096474548400232,11.80668151088106,-75.00760056095262
2001-12-23,25.00023074338111,-5.378419380878334,12.824409392258845,-75.15627578994801
2001-12-24,25.371105975747994,-4.747484327848175,11.856223938418669,-76.56837158536563
2001-12-25,25.41685702296159,-5.361227386245089,11.506513619375676,-78.14508059311832
2001-12-26,24.567384834965402,-6.236346242250552,11.773341434947305,-76.72580665084057
2001-12-27,23.253324514953224,-5.480411486210305,11.525689104069082,-76.33389472195628
2001-12-28,22.844185483807323,-5.4045152303078305,14.018046381061772,-77.60214786337447
2001-12-29,21.6904916288144,-5.348266156897348,14.248760502652381,-77.65892738901378
2001-12-30,23.286824853705443,-5.751451170746625,14.384475364333241,-77.84582758239112
2001-12-31,23.540871990689197,-5.7364718647775685,13.667236729666762,-80.76135488520079
2002-01-01,23.791365985236176,-6.1576681010581655,14.184013667344184,-77.46855245967157
2002-01-02,23.189655085498032,-5.642986485689763,15.035800115359788,-77.30028857890294
2002-01-03,22.481789069398737,-6.1394772714774986,15.457153826765511,-75.7727953835705
2002-01-04,23.566600705043435,-5.773385450354613,16.61989193637117,-75.55171241913237
2002-01-05,24.21347078940672,-6.6223186940741225,16.08556929352354,-75.13705414227563
2002-01-06,23.94385937631216,-6.459771798830982,14.755990655943789,-74.62421275386563
2002-01-07,23.961947951818424,-8.349115327142048,13.96149503742383,-75.85809964208185
2002-01-08,22.945967904594692,-7.73894646785449,15.064597523370258,-76.30834516256756
2002-01-09,22.418959488280265,-6.08765263395898,14.903469109770146,-77.27215485267605
2002-01-10,23.68273422280069,-5.159415264416024,16.050195449819043,-76.87228118616132
2002-01-11,22.333866719094278,-4.608494454651918,15.256473918573915,-75.71201423099964
2002-01-12,22.7038452658517,-4.450185510440646,15.704590110668722,-75.1942142077839
2002-01-13,23.439598921088397,-4.114088005724737,15.478542466075831,-75.57595059493237
2002-01-14,23.75427142296668,-4.065616479584686,15.516858592216213,-75.137953745487
2002-01-15,24.68686703275596,-4.196043020634043,15.360180244558991,-74.59525934751908
2002-01-16,24.430822470934284,-4.122846875841965,15.367391853645202,-73.45666843043703
2002-01-17,24.77298735832273,-5.508832350058473,15.546759275066217,-72.42803131250524
2002-01-18,26.546673085416142,-6.460201816192327,15.541565143784153,-72.90937544953921
2002-01-19,25.82685566786951,-4.584784011809032,16.029512759726284,-73.62855050641292
2002-01-20,25.651842302483185,-5.365126186550883,15.022144902953139,-74.51253733882464
2002-01-21,25.71681494679035,-4.4708354627232865,15.157960771703472,-74.03631173301422
2002-01-22,25.655055573561015,-4.853288273235749,15.927991540710016,-73.56616752368049
2002-01-23,26.466506530209134,-4.038941495114695,14.989011405956324,-73.17307322427733
2002-01-24,25.642930352509563,-4.035237974500306,15.48984717150228,-71.7463285231384
2002-01-25,24.59861485130699,-3.1035503409487397,16.609022970224327,-71.20288092380306
2002-01-26,24.097493141048712,-2.063371495438604,15.420915298624582,-70.8361697278155
2002-01-27,23.4987066856617,-1.9757894801329319,14.594284963618348,-70.6869811322686
2002-01-28,22.936093702345925,-1.3629139495060414,14.845773915219604,-73.03760799654462
2002-01-29,23.181252636838288,-0.24577456987379076,15.8135188999005,-73.02572980379911
2002-01-30,22.61978800570698,-0.9267399317243609,16.795570527957068,-73.8438311143454
2002-01-31,21.471217438007454,-1.4027984357172774,15.54526848149717,-74.0668681786995
2002-02-01,20.724415138554317,-1.3180424161931503,15.359593990329683,-74.3771237621024
2002-02-02,19.301470204463268,-2.231225015835909,16.73554542641965,-75.28968241592058
2002-02-03,20.754462034274713,-3.2039638224960645,15.048429937020257,-74.35618578219646
2002-02-04,19.27249612141652,-2.7185675738036985,14.721040286004863,-74.25026774802744
2002-02-05,18.376235608416337,-1.2731755150900352,14.033988251979308,-76.96907690394367
2002-02-06,19.065135759159233,-0.9644604058126987,13.082797646789933,-76.4716271178114
2002-02-07,18.804083376358296,-2.3679598167686553,12.266567643283961,-78.42511461004446
2002-02-08,18.01289283711317,-3.6571114947266685,13.122961143092388,-77.8373609632188
2002-02-09,16.751705055047687,-2.4276853773085127,10.942220692735997,-77.14306491472973
2002-02-10,15.582840890393047,-1.673216196337589,12.276385252338466,-76.30551743932335
2002-02-11,14.573904393742767,-0.8063134994374884,11.506416576760293,-76.06356180128704
2002-02-12,13.420343238028675,-0.6321412580590181,12.070538011186544,-76.91850050007959
2002-02-13,13.377614316641672,-0.9648696513011095,12.156086379466712,-76.67772659858855
2002-02-14,17.008284389512543,-0.6149117062409512,13.623549736817667,-77.33361659443013
2002-02-15,17.12255165207762,1.0336421021901905,12.337013296665011,-77.78491557503388
2002-02-16,16.300456976058634,1.0767055161957286,14.271107101522023,-78.97090391719686
2002-02-17,17.496622340384665,1.2082867226334393,14.152407492500583,-79.03849923474176
2002-02-18,17.719885109349576,0.4896230653785829,15.749366282113343,-79.45394911098347
2002-02-19,16.553902014722617,1.756425820129751,15.913175694934807,-79.61995548343992
2002-02-20,16.165496230785063,0.5656531157177231,14.744137436249076,-80.10202868542028
2002-02-21,18.033042475810277,0.3268238089238174,14.07857421918502,-80.33143849532786
2002-02-22,18.232630691860685,1.5033849297147488,15.780448536373433,-79.96761374993515
2002-02-23,18.558544178807093,2.7717305501511436,15.818913965228829,-79.36035926498238
2002-02-24,17.754269786024725,1.7077555116038339,15.2021744399801,-78.73717388662361
2002-02-25,17.60041883854877,1.378104336094795,15.435988014670224,-79.28463428408786
2002-02-26,18.19854576532505,0.6483661717405855,17.287973927729343,-79.35205374104329
2002-02-27,17.27574293094184,2.7499292813941247,16.49696184565977,-79.03294995809185
2002-02-28,18.21597519410142,2.693671175110865,19.8059281419327,-78.49571463924369
2002-03-01,18.27160897406782,2.5520727564220484,19.416796167480676,-76.16808064675499
2002-03-02,19.190521780103385,2.7582981915916145,19.91391997081731,-78.34698492433276
2002-03-03,19.101870186056594,2.890967975860176,21.75042796520878,-78.13108105226453
2002-03-04,18.75200507978931,3.720055171122379,22.89723714138435,-77.06939719067731
2002-03-05,16.720585319304327,3.978419084077329,24.53977729283468,-77.7375474668327
2002-03-06,15.978772211649613,5.93248968766836,26.400788933350178,-76.34976850559922
2002-03-07,15.154806580120525,4.381054440672602,26.274514530127558,-75.84251672880988
2002-03-08,15.037831097993635,4.64330221451581,26.82514623828114,-76.45624718356031
2002-03-09,14.361665163232383,4.757659282301995,24.730046174481846,-75.47482240661189
2002-03-10,14.123002450899785,3.6848615043787705,24.740598508747997,-75.13755087966608
2002-03-11,12.552883914821635,3.6256016760127445,25.393680487942493,-74.62752706792413
2002-03-12,12.10329997913219,3.4585517840850417,24.469410111126585,-75.13369686981925
2002-03-13,14.736489640223667,4.463092702090353,25.164952952336165,-74.38261881926863
2002-03-14,13.659158201469559,3.6163789474752566,24.712932784313143,-75.34803900841153
2002-03-15,14.293069255144754,2.3108191555877236,25.19607316712878,-73.43850149079266
2002-03-16,14.752771539409855,0.644150968417907,27.010472684990134,-73.91758220973264
2002-03-17,13.982544366026724,-0.4281374000634879,26.085706838367358,-75.03529880268347
2002-03-18,14.150792221752068,-0.3607616935431043,26.21195772347872,-75.14856301034463
2002-03-19,14.390309125504784,-0.2700296081273759,27.986795284784712,-75.59118774440391
2002-03-20,13.90003672513958,-0.5516243581034534,28.073967513509974,-74.13320226092863
2002-03-21,14.500329046348899,-0.9488220024474661,28.437977873166638,-73.9635509939251
2002-03-22,14.16940249527662,-2.596979593275831,28.244353907950394,-73.74666860252542
2002-03-23,12.24507031673262,-1.757192134196193,26.20901272827194,-72.22724407043654
2002-03-24,10.721884135863412,-0.7326594991333892,23.998093130862802,-72.41174675800013
2002-03-25,12.867644364654874,-1.0762789023653556,22.40062712899216,-72.69371148132235
2002-03-26,13.500005273056402,-0.9690275106653269,23.113072150909723,-72.44362601601878
2002-03-27,13.909787606016593,-1.8757984199724655,23.099537264310367,-72.68431655234612
2002-03-28,14.31628421205089,-4.257308224877072,23.25608688050418,-72.31474338905427
2002-03-29,14.399277049012069,-4.482498338978878,23.182306038626866,-72.44018053805799
2002-03-30,13.823684626609287,-5.099300363795305,23.40673453252546,-73.11553568203627
2002-03-31,13.186756076690516,-3.397442961746383,22.439701100184426,-72.27343385953726
2002-04-01,12.939112649016156,-3.6797432554345564,22.926097289414937,-71.40594269732303
2002-04-02,14.042763955169974,-5.176620918291456,20.904479720799433,-71.02896564949972
2002-04-03,14.542381885709093,-6.101250712354936,22.6745810105652,-71.25607336915134
2002-04-04,14.009523519774099,-5.320025001436675,20.817419305123277,-70.48035501195568
2002-04-05,14.368616499017877,-4.774730148186052,21.183702334013354,-69.39291707897662
2002-04-06,14.4184904891416,-3.9151769035808783,21.025184498190274,-70.28944724875485
2002-04-07,15.689045824147605,-4.073720219923772,22.558300718932866,-69.05774648029643
2002-04-08,15.140876084820103,-1.8128481356082764,22.188770551663517,-70.29647630056918
2002-04-09,15.56681278525119,-1.4047653041730668,21.28602401233679,-69.2584567824152
2002-04-10,15.58518101223313,-1.737965656505106,21.197610659923775,-69.19882630024601
2002-04-11,14.591827667679167,-2.4899220018221007,21.80478736409203,-68.97949369985045
2002-04-12,14.499432922981121,-1.7456935331922214,20.88467289139133,-70.38626058254158
2002-04-13,14.571022020941843,-0.626389152778583,19.559614150395973,-68.91237269593927
2002-04-14,14.06373784825942,-0.33712296823124904,19.99682993815863,-68.54249416329223
2002-04-15,14.875264282130638,-0.10055516433549841,20.168900061741407,-69.55059144449886
2002-04-16,16.589922640725096,0.6934494777149529,19.627496394134518,-69.43863329393245
2002-04-17,15.336871487312056,0.009029265790624241,21.23065531758061,-69.81995308871942
2002-04-18,14.112770727600957,-1.1929155544633168,22.367058982701018,-69.5702561351046
2002-04-19,14.139756199961537,-1.6430001195665027,21.680260658749145,-68.33224119255745
2002-04-20,13.416325118517381,-1.9886157367663937,21.04142225440701,-68.56855433507776
2002-04-21,14.675410196902043,-1.9385448564546262,21.80447805129038,-67.76415128776866
2002-04-22,12.490360435238795,-2.078502551593098,22.415477461990246,-69.43406826706851
2002-04-23,12.509907638449247,-2.092888733978536,22.753095930643923,-69.1780049635573
2002-04-24,11.415768654224632,-1.8845657349866225,22.397445662143188,-68.0439016131387
2002-04-25,12.953830725096285,-1.1659958654792664,21.883218574548984,-68.2355490729537
2002-04-26,12.679456568202694,0.030972879568065714,23.264071395904118,-67.93735252345283
2002-04-27,12.428004381243683,-0.6018295714538194,23.451346141315874,-66.85905194394964
2002-04-28,13.541876247216798,-1.52591877192796,22.509609053016547,-67.19655740877808
2002-04-29,12.746204958637765,-1.4465064740290807,22.801753201723024,-66.87454737029337
2002-04-30,11.813742699493421,-2.645567408942248,22.45484648722722,-67.6538398089541
2002-05-01,11.815630282060392,-1.5911768304982719,23.289905901117518,-68.69507896416751
2002-05-02,13.037465463735321,-0.48995466352737393,23.685649800897618,-68.12751770873771
2002-05-03,13.222885456290088,0.8655240315295447,25.458771453351755,-68.56342993440431
2002-05-04,14.003485099288797,0.6140229570162681,26.49234567443349,-69.19529967278044
2002-05-05,15.008055785257405,0.2502322246606091,26.356680840222015,-67.14362205720107
2002-05-06,14.523192008344868,-0.36796947119041956,26.59464279654748,-66.19288863600838
2002-05-07,15.118911797000887,-0.8729047238031309,25.474994207284098,-65.41745625248828
2002-05-08,14.997400657808546,-1.5249579946334355,24.582576120742306,-63.11989428968199
2002-05-09,15.81566293237237,-1.9656775819991212,23.84866393859714,-64.06097269584204
2002-05-10,16.543846685358083,-0.3065420355402273,23.57725078723283,-64.04190822624497
2002-05-11,14.842642222291728,-0.3641477856470456,24.50608164470298,-64.22553809163709
2002-05-12,14.927431626327465,-1.0204796666220324,24.81058511570838,-64.95803015466541
2002-05-13,15.018153876649249,-1.581823915739624,25.972779608320135,-63.15994831146173
2002-05-14,13.501362882532256,-1.6043678145100342,26.033367052135745,-63.14618684674301
2002-05-15,11.079307829678015,-2.4020838535216535,26.063318921673762,-63.63220746780738
2002-05-16,11.164643540538952,-3.397489348986456,26.698347332762513,-63.6638908115577
2002-05-17,10.883936412330986,-3.2729888697702374,26.69299669557449,-60.85669143588586
2002-05-18,8.949128368276746,-2.2783955300799787,25.56096235155549,-61.57132796362847
2002-05-19,9.719727614171395,-1.2321245419963807,24.265525887310655,-59.7222600752275
2002-05-20,11.71373545084549,-0.9218121079546129,24.91473085828013,-60.70427370991742
2002-05-21,10.590709539864182,-1.0617519002773175,22.72932473747388,-60.47577677271983
2002-05-22,10.814509676540384,-2.2096665340195996,23.61648527912639,-61.17764896750324
2002-05-23,9.993410214013858,-1.696140300830981,24.407637335734552,-60.46203665956864
2002-05-24,10.3835946270484,-3.1245511481945494,22.383930357770097,-61.47635249344813
2002-05-25,11.425315349809786,-2.900983516046164,23.163055402293036,-62.162711088839245
2002-05-26,11.315417580730188,-3.0797595660015324,23.308095116794195,-60.903455259619044
2002-05-27,9.749980542408087,-1.4478034856054836,23.605588484577,-59.162640694859064
2002-05-28,10.007365052411412,0.2758315158211464,23.607647117831753,-59.54349153704737
2002-05-29,9.338737365384887,-0.4684260674129297,23.262204971714862,-60.358213308921016
2002-05-30,8.351760858128875,-3.0873369008926153,23.30240520242707,-59.327902827352865
2002-05-31,6.973464860860471,-3.01543531950191,22.25459273101436,-58.91317978810811
2002-06-01,6.594566877393903,-1.8793062940194212,22.181723747392,-58.63595135870079
2002-06-02,7.109717666630982,-1.445220002336041,21.75354190093466,-60.88767104382553
2002-06-03,7.260174272009282,-2.711004946175379,21.67962090419714,-59.88207267113981
2002-06-04,7.0783232161166065,-1.3747991197225562,20.244726419285485,-60.81475950499055
2002-06-05,7.997309822035339,-1.9164748122565158,19.743750781369673,-61.96045318799088
2002-06-06,6.8742938272899075,-2.8566796896788644,22.207063184779134,-61.31000287810375
2002-06-07,6.505228317433869,-3.1349454175179057,23.171854973264246,-61.230260453469086
2002-06-08,8.238572169964765,-3.1342800628757517,22.9746419630029,-60.55818321723839
2002-06-09,7.687432287549851,-3.649533724257731,23.47492671100086,-60.04813776092229
2002-06-10,5.757293758023646,-5.121696151474299,23.193541454152914,-58.39345168069476
2002-06-11,4.947479091731296,-4.142976585812829,23.822148278284967,-57.2061572789365
2002-06-12,4.5302154573643305,-4.604072363281356,22.52887013567467,-57.081946607215926
2002-06-13,2.8983944087187608,-5.034150153323465,24.4824396589459,-57.28624418407461
2002-06-14,2.942665913497029,-5.587621495346314,24.472857626482323,-57.817051812036226
2002-06-15,3.49405559936236,-5.329631389969998,24.952092350426643,-57.95444895031802
2002-06-16,1.0061098437378257,-3.4022259520107547,25.460945341854934,-57.86008391584814
2002-06-17,0.939381653006159,-2.3744388561461243,26.482236768901604,-57.99329385671694
2002-06-18,2.9915589346551554,-3.272081291662227,24.56820237003762,-58.431141563400445
2002-06-19,3.2964021755521964,-4.163238790387684,25.126447304991796,-58.66516128205084
2002-06-20,2.5879731540478343,-4.710188486862328,25.463058887589707,-58.239186386615415
2002-06-21,3.682421742424789,-3.100167094232391,25.033397968779195,-58.415671806005825
2002-06-22,2.4645305369913615,-2.786829837842862,25.205708165601134,-56.18256688206019
2002-06-23,3.9261172741034613,-0.13006883624029664,25.35082927431192,-55.726477561180836
2002-06-24,2.747115913382581,-0.542398354932438,26.34102908632403,-54.99868164259341
2002-06-25,3.430078100440161,-0.4833816995588963,24.831156182276015,-56.355988573772756
2002-06-26,2.713301583599541,-0.23640529412345587,24.703671419342662,-55.884610638057836
2002-06-27,0.8334114859396211,-0.12370927146002816,24.627132617097033,-56.02796113821693
2002-06-28,1.6626736146231678,-0.010877431459060227,23.838730505485138,-57.269072515127355
2002-06-29,2.4573802938541762,-0.38228418909720374,23.821991278818277,-57.738004470200465
2002-06-30,0.9811168108508379,0.35197146417409864,23.231225146424176,-57.34015910755266
2002-07-01,2.1229956725866224,0.9941242925361646,24.69493657698817,-58.872784999074305
2002-07-02,1.475679589285281,1.4693776973873431,22.935668299749793,-57.36435357467914
2002-07-03,0.3778155658331275,2.975695999077294,23.20226053799966,-58.70759713597407
2002-07-04,-1.2388524574414643,4.149346197836062,21.796291835571825,-59.36350391150165
2002-07-05,-1.0475593092915132,5.085323581497777,21.990450558760198,-60.92908447422848
2002-07-06,-1.7875840490356076,5.115044880288299,22.368099938099263,-62.94681518530304
2002-07-07,-0.15851464070972465,4.266010020364199,24.28186298714256,-62.582013931763356
2002-07-08,-0.19749869669810904,4.092446722258254,25.452914522385203,-62.87235094737843
2002-07-09,-0.3791354427272131,2.819168065393135,25.967035135711647,-63.51070556604922
2002-07-10,-0.4973492335101719,2.8508488084798147,24.851790940611114,-63.57821380989132
2002-07-11,-0.5971709747188326,3.0989584784963515,24.258310699565616,-65.14878835074829
2002-07-12,2.0190344106296307,3.4180061249962064,22.60314636584747,-65.96868231409796
2002-07-13,1.8355910191772273,2.3184754446232567,22.269288110041558,-67.18294608234277
2002-07-14,2.2629526187074074,1.4764921623871023,21.705747306895553,-67.77469119257537
2002-07-15,2.3928091203289106,0.28827355875316507,23.81991982364442,-67.92261972625512
2002-07-16,2.944712460673928,0.6675970096762703,22.283358307769607,-68.34738971091804
2002-07-17,3.225276446958352,0.3975668977056125,22.912842184954727,-65.60115928261507
2002-07-18,3.2088966556711656,-0.4045694938953214,23.538537636704014,-64.70614948969853
2002-07-19,2.4941237195051675,-0.3221685953577819,23.308426812226855,-63.611899265029685
2002-07-20,3.2687178326556015,0.208858533646971,25.230451084040137,-62.59520532203277
2002-07-21,2.6306388452767013,-0.6462268830342079,25.150427426303843,-62.241394072176625
2002-07-22,3.4289340703860893,-1.0968049466300012,25.91623364786254,-62.8238228216456
2002-07-23,2.8971378792270657,-0.9481618207561667,23.96919573734478,-63.50107168451872
2002-07-24,0.6638942163735821,-1.4558717548222786,24.075812079733712,-62.63271015273606
2002-07-25,1.6022179403711623,-1.6631158706662184,23.531569242991644,-61.71637373573416
2002-07-26,0.9389973886100771,-0.6879138683983724,26.307091455542658,-61.7183698612351
2002-07-27,0.007180977532549426,-1.32197565181037,26.75854235412376,-61.03730905049459
2002-07-28,-0.5722413061185391,-0.6951619067131931,25.967986882500917,-62.63188072540878
2002-07-29,-0.20344941255315663,-0.7153539594680711,26.990848605575675,-63.0815825046058
2002-07-30,-0.30939381002308897,-0.5783457584005245,27.009576689589732,-62.33862999324777
2002-07-31,-2.06154000374638,-2.0701221984788987,25.90962633079078,-63.16004727543093
2002-08-01,-2.522356088959247,-1.0679263580304428,25.164994887686625,-63.12309289398157
2002-08-02,-2.252304251267699,-0.40532739738706103,25.12000194492919,-64.73231513367959
2002-08-03,-2.5499903585494503,0.5718768872149098,25.65176166147105,-65.27172640639287
2002-08-04,-1.955530647509626,-1.4695852318680809,26.5883425077276,-64.89580926068257
2002-08-05,-1.7846357325458462,-1.3630985528962458,26.716876372452848,-64.8128309407348
2002-08-06,-0.8608220969992653,-2.984242200755923,29.035078404242405,-66.2474204043271
2002-08-07,0.20044177722579515,-2.1000814507794545,29.367791314003004,-64.78355057820237
2002-08-08,0.19885640869363844,-3.5464705249718635,29.70700151565701,-64.68580026788682
2002-08-09,0.07544040698917795,-2.6024740996348927,28.256507081769872,-64.18715854949384
2002-08-10,-0.004587712010896736,-2.4939523206364944,29.158813164340234,-63.36368583359285
2002-08-11,1.0594089912663616,-0.03845537799964305,29.678943875396172,-62.420429498863626
2002-08-12,2.014340718202201,-1.9776184740330165,29.40009371985057,-61.11724623801003
2002-08-13,2.9723129740360332,-3.9957137368240945,28.58370333629797,-59.55991449534006
2002-08-14,1.5158418093803983,-4.1069949884117625,27.612233925064917,-61.39889733676575
2002-08-15,2.550368745161099,-2.7719351229651794,28.32405926108249,-61.1449113890076
2002-08-16,2.9195763452899453,-2.493547643102449,27.770567309852243,-61.020002832169496
2002-08-17,0.9215231134605368,-1.9330167594414207,26.870960970511273,-61.078342709867904
2002-08-18,-0.532549000345544,-1.1882366821952437,26.166091584855227,-62.3299595101811
2002-08-19,-1.780692596909707,-1.6682358116208582,26.241167084812684,-60.91120421990774
2002-08-20,0.87081649818829,-1.1963268289348679,27.396033947559225,-60.058947635778864
2002-08-21,1.0126054004986982,-0.8955179354262235,27.910224927416138,-59.95717352074006
2002-08-22,0.36386577203447157,-0.3514182651567881,28.06045123632083,-61.35237785251937
2002-08-23,0.3847027943751748,-0.6851906933760104,28.9376734009372,-60.90667112627858
2002-08-24,0.9528633193612317,-0.7373552646357259,28.40924588242799,-62.05221575635233
2002-08-25,0.2949765951913519,-0.008376625519096237,27.67111612036793,-62.244061651925215
2002-08-26,-0.37532802791112874,2.516518594101567,29.035127211023728,-62.417665259825476
2002-08-27,-0.4285087405815118,3.631710407892961,29.321569357760975,-61.120502185466336
2002-08-28,0.038146282638274354,3.429789690674915,29.683441439934008,-60.89142521841467
2002-08-29,0.5944200062492617,6.089241375526621,30.746335522351707,-59.02628439517191
2002-08-30,0.18603119312140587,6.799170584102795,30.026427448398074,-59.25297069186045
2002-08-31,-0.9428717576674699,6.18493791464348,29.879006456383696,-59.52864233606565
2002-09-01,-3.2345430226721232,4.857514386896556,31.177429699693697,-58.51648998237674
2002-09-02,-4.062272361897813,5.334180932919578,30.22264820982427,-59.111062258650406
2002-09-03,-4.93599881802135,5.725421410100982,27.823103409439007,-61.50049539180218
2002-09-04,-4.837648914061144,6.285729938380483,27.853754879722523,-62.16965538153564
2002-09-05,-4.581694375155427,8.29357269016641,27.419531210845673,-61.946000486931986
2002-09-06,-3.5546479942409626,7.729126673759931,26.317273643204086,-62.36752794566229
2002-09-07,-4.8061940704319115,8.364244684979319,25.957907395529652,-62.70620412897771
2002-09-08,-6.978675395831688,8.818269626894702,25.859062966740293,-63.47080562277695
2002-09-09,-7.5365647251310115,9.838744705014513,26.579501039598146,-63.5320693731545
2002-09-10,-6.647084771920467,10.590108984590374,27.403005322599267,-62.96887482661518
2002-09-11,-5.741051300386329,10.700851270999047,29.49783363163931,-63.83388487083975
2002-09-12,-5.757267226690925,8.962825514811371,27.209592707586843,-63.088421300493515
2002-09-13,-4.360342218082294,7.817428914106947,27.953946664982546,-62.324940317684316
2002-09-14,-6.995041744680125,7.560487198434923,27.570340208629933,-61.89625913218053
2002-09-15,-7.0996176984212065,6.731503596821002,28.332482240844055,-62.08888653228463
2002-09-16,-6.557651957056115,7.7308874228036935,28.646128681804278,-62.86132556037997
2002-09-17,-7.491660498419533,8.011605603079527,29.606396664835046,-62.485326988093696
2002-09-18,-7.519188802803175,8.039160936884246,29.66138862540288,-63.428974788329995
2002-09-19,-5.987368759715972,8.660011340451303,30.921095903276214,-64.5280853141365
2002-09-20,-6.29784574636698,7.071632759473901,30.136531175582125,-64.03006027653923
2002-09-21,-8.14204140950708,7.972112382551716,29.821522944335044,-63.95190627954644
2002-09-22,-7.67664271172242,8.280359725254522,28.90500658132712,-64.16767119286725
2002-09-23,-8.08711494003299,8.349831396101433,28.591655775409365,-64.0490901232511
2002-09-24,-8.380834126674944,9.886802553491577,27.021352670239615,-64.49660024340206
2002-09-25,-10.666469433192013,7.98714114575453,27.11494737404001,-64.55256086216373
2002-09-26,-12.118603018868606,7.5762559363164,28.310844796037177,-64.3313966546783
